,month,day,01,02,03,04,05,06,07,08,09,10,11,12,13,14,15,16,17,18,19,20,21,22,23,24
0,1,1,1000,1000,1000,1000,1000,1000,1000,1000,1000,1000,1000,1000,1000,1000,1000,1000,1000,1000,1000,1000,1000,1000,1000,1000
1,1,2,1000,1000,1000,1000,1000,1000,1000,1000,1000,1000,1000,1000,1000,1000,1000,1000,1000,1000,1000,1000,1000,1000,1000,1000
2,1,3,1000,1000,1000,1000,1000,1000,1000,1000,1000,1000,1000,1000,1000,1000,900,900,900,900,900,1000,1000,1000,800,700
3,1,4,600,600,700,700,800,1000,800,800,800,1000,1000,1000,1000,1000,1000,1000,1000,1000,1000,800,700,700,700,600
4,1,5,600,600,600,600,800,1000,1000,1000,1000,1000,1000,1000,1000,1000,1000,1000,1000,1000,800,800,800,800,1000,1000
5,1,6,1000,1000,1000,1000,1000,1000,1000,1000,1000,1000,1000,1000,1000,1000,1000,1000,1000,1000,1000,1000,1000,1000,1000,1000
6,1,7,1000,1000,1000,1000,1000,1000,1000,1000,1000,1000,1000,1000,1000,1000,1000,1000,1000,1000,350,700,1000,1000,1000,1000
7,1,8,1000,1000,1000,1000,1000,1000,1000,1000,1000,1000,1000,1000,1000,1000,1000,1000,1000,1000,1000,1000,1000,1000,1000,1000
8,1,9,1000,1000,1000,1000,1000,1000,1000,1000,1000,1000,1000,1000,1000,1000,1000,1000,1000,1000,1000,1000,1000,1000,1000,1000
9,1,10,1000,1000,1000,1000,1000,1000,1000,1000,1000,1000,1000,1000,1000,1000,1000,1000,1000,1000,1000,1000,1000,1000,1000,1000
10,1,11,1000,1000,1000,1000,1000,1000,1000,1000,1000,1000,1000,1000,1000,1000,1000,900,900,900,1000,1000,1000,1000,1000,800
11,1,12,900,1000,1000,1000,1000,1000,1000,1000,1000,1000,1000,1000,1000,1000,1000,1000,1000,1000,1000,1000,1000,1000,1000,1000
12,1,13,1000,1000,1000,1000,1000,1000,1000,1000,1000,1000,1000,1000,1000,1000,1000,1000,1000,1000,1000,1000,1000,1000,1000,1000
13,1,14,1000,1000,1000,1000,1000,1000,1000,1000,1000,700,700,600,1000,1000,1000,1000,1000,1000,1000,1000,1000,1000,1000,1000
14,1,15,1000,1000,1000,1000,1000,1000,1000,1000,1000,1000,1000,1000,1000,1000,1000,1000,1000,1000,1000,1000,1000,1000,1000,1000
15,1,16,1000,1000,1000,1000,1000,1000,1000,1000,1000,1000,1000,1000,1000,1000,1000,1000,1000,1000,1000,1000,1000,1000,1000,1000
16,1,17,1000,1000,1000,1000,1000,1000,1000,1000,1000,1000,1000,1000,1000,1000,1000,1000,1000,1000,1000,1000,1000,1000,1000,1000
17,1,18,1000,1000,1000,1000,1000,1000,1000,1000,1000,1000,1000,1000,1000,1000,1000,1000,1000,1000,1000,1000,1000,1000,1000,1000
18,1,19,1000,1000,1000,1000,1000,1000,1000,1000,600,600,600,600,480,480,480,480,600,700,700,700,500,350,400,400
19,1,20,400,400,500,500,600,700,1000,1000,1000,800,1000,1000,1000,1000,1000,1000,1000,1000,1000,1000,1000,1000,1000,1000
20,1,21,1000,1000,1000,1000,1000,1000,1000,1000,1000,1000,1000,1000,1000,1000,1000,1000,1000,1000,1000,1000,1000,1000,1000,1000
21,1,22,1000,1000,1000,1000,1000,1000,1000,1000,1000,1000,1000,900,1000,1000,1000,1000,800,800,600,600,280,350,600,400
22,1,23,600,600,600,600,420,420,450,600,1000,1000,1000,1000,900,900,1000,1000,1000,1000,1000,1000,1000,800,900,800
23,1,24,700,800,700,600,600,700,700,700,700,700,800,800,900,1000,1000,1000,1000,1000,1000,1000,1000,1000,1000,1000
24,1,25,1000,1000,1000,1000,1000,1000,1000,1000,1000,1000,1000,1000,1000,1000,1000,1000,1000,1000,1000,1000,1000,1000,1000,1000
25,1,26,1000,1000,1000,1000,1000,1000,1000,1000,1000,1000,1000,1000,1000,1000,1000,1000,1000,1000,1000,600,600,500,600,500
26,1,27,600,400,450,480,700,450,400,230,230,400,450,600,600,600,700,600,600,1000,1000,1000,1000,1000,1000,1000
27,1,28,1000,1000,1000,1000,1000,1000,1000,1000,1000,1000,1000,1000,1000,1000,1000,1000,1000,1000,1000,1000,1000,1000,1000,1000
28,1,29,1000,1000,1000,1000,1000,1000,1000,1000,1000,1000,1000,1000,1000,1000,1000,1000,1000,1000,1000,1000,1000,1000,1000,1000
29,1,30,1000,1000,1000,1000,1000,1000,1000,1000,1000,1000,1000,1000,1000,900,900,800,900,900,900,1000,1000,1000,1000,1000
30,1,31,1000,1000,1000,1000,1000,1000,1000,1000,1000,1000,1000,1000,1000,1000,1000,1000,1000,1000,1000,1000,1000,1000,1000,1000
0,2,1,1000,1000,1000,1000,1000,1000,1000,1000,1000,1000,600,600,600,450,600,900,900,900,800,800,700,600,600,600
1,2,2,700,800,700,700,700,700,600,700,700,1000,1000,1000,1000,1000,1000,1000,1000,1000,1000,1000,1000,1000,1000,1000
2,2,3,1000,1000,1000,1000,1000,1000,1000,1000,1000,1000,1000,1000,1000,1000,1000,1000,1000,1000,1000,1000,1000,1000,1000,1000
3,2,4,1000,1000,1000,1000,1000,1000,1000,1000,1000,1000,1000,1000,1000,1000,1000,1000,1000,1000,1000,1000,1000,1000,1000,1000
4,2,5,1000,1000,1000,1000,1000,1000,1000,1000,1000,1000,1000,1000,1000,1000,1000,1000,1000,1000,1000,1000,1000,1000,1000,1000
5,2,6,1000,1000,1000,1000,1000,1000,1000,1000,1000,1000,1000,1000,1000,1000,1000,1000,1000,1000,1000,1000,1000,1000,1000,1000
6,2,7,1000,1000,1000,1000,1000,1000,1000,1000,1000,1000,1000,1000,1000,1000,1000,800,900,1000,1000,1000,1000,1000,1000,1000
7,2,8,1000,1000,1000,1000,1000,1000,700,700,600,600,600,600,600,600,700,800,900,1000,1000,1000,1000,1000,1000,1000
8,2,9,1000,1000,1000,1000,1000,1000,1000,1000,1000,1000,1000,1000,1000,1000,800,700,800,1000,1000,1000,1000,1000,1000,1000
9,2,10,1000,600,500,500,500,500,500,500,500,500,400,400,400,400,400,400,400,350,350,300,300,320,320,350
10,2,11,380,350,400,450,420,450,600,500,500,500,600,700,800,800,800,800,800,800,800,700,900,800,700,700
11,2,12,800,1000,1000,1000,1000,1000,1000,1000,1000,1000,1000,1000,800,600,600,600,1000,1000,1000,1000,1000,1000,1000,1000
12,2,13,1000,1000,1000,1000,1000,1000,1000,1000,1000,1000,1000,1000,1000,1000,1000,1000,1000,1000,1000,1000,1000,1000,1000,1000
13,2,14,1000,1000,1000,1000,1000,1000,1000,1000,1000,1000,1000,1000,1000,1000,1000,1000,1000,1000,1000,1000,1000,1000,1000,1000
14,2,15,1000,1000,1000,1000,1000,1000,1000,1000,1000,1000,1000,1000,1000,1000,1000,1000,1000,1000,1000,1000,1000,1000,600,600
15,2,16,600,600,600,600,600,600,1000,1000,1000,1000,1000,1000,1000,1000,1000,1000,1000,1000,1000,1000,1000,1000,1000,1000
16,2,17,1000,1000,1000,1000,1000,1000,1000,1000,250,1000,450,700,1000,700,350,420,1000,700,1000,1000,1000,1000,600,1000
17,2,18,600,1000,1000,1000,1000,1000,1000,1000,1000,1000,1000,1000,1000,1000,1000,1000,1000,1000,1000,1000,1000,1000,1000,1000
18,2,19,1000,1000,1000,1000,1000,1000,1000,1000,1000,1000,1000,1000,1000,1000,1000,1000,1000,1000,1000,1000,1000,1000,1000,1000
19,2,20,1000,1000,1000,1000,1000,1000,1000,1000,1000,1000,1000,1000,1000,1000,1000,1000,1000,1000,1000,1000,1000,1000,1000,1000
20,2,21,1000,1000,1000,1000,1000,1000,1000,1000,1000,1000,1000,1000,1000,1000,1000,1000,1000,1000,1000,1000,1000,1000,1000,1000
21,2,22,1000,1000,1000,1000,1000,1000,1000,1000,800,800,700,700,700,700,700,600,480,480,480,900,1000,1000,1000,1000
22,2,23,1000,1000,1000,1000,1000,1000,1000,1000,1000,1000,1000,1000,1000,1000,1000,1000,1000,1000,1000,1000,1000,1000,1000,1000
23,2,24,1000,1000,1000,1000,1000,1000,1000,1000,1000,1000,1000,1000,1000,1000,1000,1000,1000,1000,1000,1000,1000,1000,1000,1000
24,2,25,1000,1000,1000,1000,1000,1000,1000,1000,1000,1000,1000,1000,900,900,700,600,420,350,350,180,250,350,350,1000
25,2,26,700,600,1000,800,700,900,900,900,1000,1000,1000,1000,1000,1000,1000,1000,1000,1000,1000,1000,1000,1000,1000,1000
26,2,27,1000,1000,1000,1000,1000,1000,1000,1000,1000,1000,1000,1000,1000,1000,1000,1000,1000,1000,1000,1000,1000,1000,1000,1000
27,2,28,1000,1000,1000,1000,1000,1000,1000,1000,1000,1000,1000,1000,1000,1000,1000,900,800,1000,1000,1000,1000,1000,800,1000
28,2,29,1000,900,1000,500,500,400,500,330,480,480,600,600,800,600,600,600,1000,1000,1000,1000,1000,1000,1000,1000
0,3,1,1000,1000,1000,1000,1000,1000,1000,1000,1000,1000,1000,1000,1000,600,600,600,600,600,600,600,600,600,600,600
1,3,2,600,1000,1000,1000,1000,1000,1000,1000,1000,1000,1000,1000,1000,1000,1000,1000,1000,1000,1000,1000,1000,1000,1000,1000
2,3,3,1000,1000,1000,1000,1000,1000,1000,1000,1000,1000,1000,1000,1000,1000,1000,1000,1000,1000,1000,1000,1000,1000,1000,800
3,3,4,800,1000,1000,1000,1000,1000,1000,1000,1000,1000,1000,1000,1000,1000,1000,1000,1000,1000,1000,1000,1000,1000,1000,1000
4,3,5,1000,1000,1000,1000,1000,1000,1000,1000,1000,1000,1000,1000,1000,1000,1000,1000,1000,1000,1000,1000,1000,1000,1000,1000
5,3,6,1000,1000,1000,1000,1000,1000,1000,1000,1000,1000,1000,1000,1000,1000,1000,1000,1000,1000,1000,1000,1000,1000,1000,1000
6,3,7,1000,1000,1000,1000,1000,1000,800,700,600,600,600,600,480,480,600,600,900,1000,1000,1000,1000,1000,1000,1000
7,3,8,1000,1000,1000,1000,1000,1000,1000,1000,1000,1000,1000,1000,1000,1000,1000,1000,1000,1000,1000,1000,1000,1000,1000,1000
8,3,9,1000,1000,1000,1000,1000,1000,1000,1000,1000,1000,1000,1000,1000,1000,800,900,400,400,350,500,480,600,600,480
9,3,10,350,280,350,350,350,350,400,400,600,500,1000,1000,1000,1000,700,600,600,700,1000,1000,1000,1000,1000,1000
10,3,11,1000,1000,1000,1000,1000,1000,1000,1000,1000,1000,1000,1000,1000,1000,1000,1000,1000,1000,1000,1000,1000,1000,1000,1000
11,3,12,1000,1000,1000,1000,1000,1000,1000,1000,1000,1000,1000,1000,1000,1000,1000,1000,1000,1000,1000,1000,1000,1000,1000,1000
12,3,13,1000,1000,1000,1000,1000,1000,1000,1000,1000,1000,1000,1000,1000,1000,1000,1000,1000,1000,1000,1000,1000,1000,1000,1000
13,3,14,1000,1000,1000,1000,1000,1000,1000,1000,1000,1000,1000,1000,1000,1000,1000,1000,1000,1000,1000,1000,1000,1000,1000,1000
14,3,15,1000,600,700,700,700,700,700,700,1000,1000,1000,1000,1000,1000,1000,1000,1000,1000,1000,1000,1000,1000,1000,1000
15,3,16,1000,1000,1000,1000,1000,1000,1000,1000,1000,1000,1000,1000,1000,1000,1000,1000,1000,1000,1000,1000,1000,1000,1000,1000
16,3,17,1000,1000,1000,1000,1000,1000,1000,1000,1000,1000,1000,1000,1000,1000,1000,1000,1000,1000,1000,1000,1000,1000,1000,1000
17,3,18,1000,1000,1000,1000,1000,800,800,800,1000,1000,1000,1000,1000,1000,1000,1000,1000,1000,1000,1000,1000,800,1000,1000
18,3,19,1000,1000,1000,1000,1000,1000,1000,1000,1000,1000,1000,900,700,1000,1000,1000,1000,1000,1000,1000,1000,1000,1000,1000
19,3,20,1000,1000,1000,1000,1000,1000,1000,1000,1000,1000,1000,1000,1000,1000,1000,1000,1000,1000,1000,1000,1000,1000,1000,1000
20,3,21,1000,1000,1000,1000,1000,1000,1000,1000,1000,1000,1000,1000,1000,1000,1000,1000,1000,1000,1000,1000,1000,1000,1000,1000
21,3,22,1000,1000,1000,1000,600,160,280,600,700,600,450,450,450,600,600,1000,1000,1000,1000,1000,1000,1000,1000,1000
22,3,23,1000,1000,1000,1000,1000,1000,1000,1000,1000,1000,1000,1000,1000,1000,1000,1000,1000,1000,1000,1000,1000,1000,1000,1000
23,3,24,1000,1000,1000,1000,1000,1000,1000,1000,1000,1000,1000,1000,1000,1000,1000,1000,1000,1000,1000,1000,1000,1000,1000,1000
24,3,25,1000,1000,1000,1000,1000,1000,1000,1000,1000,1000,1000,1000,1000,1000,1000,1000,1000,1000,1000,1000,1000,1000,1000,1000
25,3,26,1000,1000,1000,1000,1000,1000,1000,1000,700,330,600,600,700,1000,1000,1000,1000,1000,1000,1000,1000,700,600,800
26,3,27,800,800,1000,1000,1000,120,160,800,800,480,350,600,700,700,700,800,900,1000,1000,1000,1000,1000,1000,1000
27,3,28,1000,1000,1000,1000,1000,1000,1000,1000,1000,1000,1000,1000,1000,1000,1000,1000,1000,1000,1000,1000,1000,1000,1000,1000
28,3,29,1000,1000,1000,1000,1000,1000,1000,1000,1000,1000,1000,1000,1000,1000,1000,1000,1000,1000,1000,1000,1000,1000,1000,1000
29,3,30,1000,1000,1000,1000,1000,1000,1000,1000,1000,1000,1000,1000,1000,1000,1000,1000,1000,1000,1000,1000,1000,1000,1000,1000
30,3,31,1000,1000,1000,1000,1000,1000,1000,1000,1000,1000,1000,1000,1000,1000,1000,1000,1000,1000,1000,1000,1000,1000,1000,1000
0,4,1,1000,1000,1000,1000,1000,1000,1000,1000,1000,1000,1000,1000,1000,1000,700,700,700,800,1000,1000,1000,1000,1000,1000
1,4,2,1000,1000,1000,1000,1000,1000,1000,1000,1000,1000,1000,1000,1000,1000,1000,1000,1000,1000,1000,1000,1000,1000,1000,1000
2,4,3,1000,1000,1000,1000,1000,1000,1000,1000,1000,1000,1000,1000,1000,1000,1000,1000,1000,700,700,1000,1000,1000,1000,1000
3,4,4,1000,1000,1000,1000,1000,800,800,1000,1000,1000,1000,1000,1000,600,600,700,1000,1000,1000,1000,1000,1000,1000,1000
4,4,5,1000,1000,1000,1000,1000,1000,1000,1000,1000,1000,1000,1000,1000,1000,1000,1000,1000,1000,1000,1000,1000,1000,1000,1000
5,4,6,1000,1000,1000,1000,1000,1000,1000,1000,1000,1000,1000,1000,1000,1000,1000,1000,1000,1000,1000,1000,1000,1000,1000,1000
6,4,7,1000,1000,1000,1000,1000,1000,1000,1000,1000,1000,1000,1000,1000,1000,1000,1000,1000,1000,1000,1000,1000,1000,1000,1000
7,4,8,700,600,500,500,500,600,600,800,1000,1000,1000,1000,1000,1000,1000,1000,1000,1000,1000,1000,1000,1000,1000,1000
8,4,9,1000,1000,1000,1000,1000,1000,1000,1000,1000,1000,1000,1000,1000,1000,1000,1000,1000,1000,1000,1000,1000,1000,1000,1000
9,4,10,1000,1000,1000,1000,1000,1000,1000,1000,1000,1000,1000,1000,1000,1000,1000,1000,1000,1000,1000,1000,1000,1000,1000,1000
10,4,11,1000,1000,1000,1000,1000,1000,1000,1000,1000,1000,1000,1000,1000,900,700,600,800,800,800,800,800,800,800,600
11,4,12,600,800,800,800,800,800,1000,1000,1000,1000,1000,1000,1000,600,600,800,600,600,600,600,1000,1000,1000,1000
12,4,13,1000,1000,1000,1000,1000,1000,1000,1000,1000,1000,1000,1000,1000,1000,1000,1000,1000,1000,1000,1000,1000,1000,1000,1000
13,4,14,1000,1000,1000,1000,1000,1000,1000,1000,1000,1000,1000,1000,1000,1000,1000,1000,1000,1000,1000,1000,1000,1000,1000,1000
14,4,15,1000,1000,1000,1000,1000,1000,1000,1000,1000,1000,1000,1000,1000,1000,1000,1000,1000,1000,1000,1000,1000,1000,1000,1000
15,4,16,1000,1000,1000,1000,1000,1000,1000,1000,1000,1000,1000,1000,1000,1000,1000,1000,1000,1000,1000,1000,1000,1000,1000,1000
16,4,17,1000,1000,1000,1000,1000,1000,1000,1000,1000,1000,350,400,600,600,1000,1000,1000,1000,1000,1000,1000,1000,1000,1000
17,4,18,1000,1000,600,400,600,700,800,1000,1000,1000,1000,1000,1000,1000,1000,1000,1000,1000,1000,1000,1000,800,700,600
18,4,19,600,500,600,600,700,800,900,700,700,700,700,700,800,800,800,1000,1000,1000,1000,1000,600,480,480,480
19,4,20,600,1000,1000,1000,1000,1000,1000,1000,1000,1000,1000,1000,1000,1000,1000,1000,1000,1000,700,400,500,500,800,1000
20,4,21,1000,1000,1000,1000,1000,1000,1000,1000,1000,1000,1000,1000,1000,1000,1000,1000,1000,1000,1000,1000,1000,1000,1000,1000
21,4,22,1000,1000,1000,1000,1000,1000,1000,1000,1000,1000,1000,1000,1000,1000,1000,1000,1000,1000,1000,1000,1000,1000,1000,1000
22,4,23,1000,1000,1000,1000,1000,1000,1000,1000,1000,1000,1000,1000,1000,1000,1000,1000,1000,1000,1000,1000,1000,1000,1000,1000
23,4,24,1000,1000,1000,1000,1000,1000,1000,1000,1000,1000,1000,1000,1000,1000,1000,1000,1000,1000,1000,1000,1000,1000,1000,1000
24,4,25,1000,1000,1000,1000,1000,1000,1000,1000,1000,1000,1000,1000,1000,1000,1000,1000,1000,1000,1000,1000,1000,1000,1000,600
25,4,26,600,800,1000,1000,1000,1000,1000,1000,1000,1000,1000,1000,1000,1000,1000,1000,1000,1000,1000,1000,1000,1000,1000,1000
26,4,27,1000,1000,1000,1000,1000,1000,1000,1000,1000,1000,1000,1000,1000,1000,1000,1000,1000,1000,1000,1000,1000,1000,1000,1000
27,4,28,1000,1000,1000,1000,1000,1000,1000,1000,1000,1000,1000,1000,1000,1000,1000,1000,1000,1000,1000,1000,1000,1000,1000,1000
28,4,29,1000,1000,1000,1000,1000,1000,1000,1000,1000,1000,1000,1000,1000,1000,1000,1000,1000,1000,1000,1000,1000,1000,1000,1000
29,4,30,1000,1000,1000,1000,1000,1000,1000,1000,1000,1000,1000,1000,1000,1000,1000,1000,1000,1000,1000,1000,1000,1000,1000,1000
0,5,1,1000,1000,1000,1000,1000,1000,1000,1000,1000,1000,1000,1000,1000,1000,1000,1000,1000,1000,1000,800,700,700,600,600
1,5,2,420,420,600,600,1000,1000,800,800,600,600,700,600,600,600,600,600,600,600,600,600,420,450,480,600
2,5,3,350,1000,800,800,800,1000,1000,1000,1000,800,1000,1000,1000,700,600,600,600,280,60,60,120,180,50,30
3,5,4,60,320,160,320,320,80,130,30,160,400,800,1000,1000,1000,1000,1000,1000,1000,1000,1000,1000,1000,1000,800
4,5,5,800,800,1000,1000,1000,1000,800,1000,600,600,700,1000,1000,1000,700,400,400,500,500,500,1000,1000,600,600
5,5,6,600,600,480,480,600,280,320,1000,1000,1000,1000,1000,1000,1000,1000,1000,1000,1000,1000,1000,1000,1000,1000,1000
6,5,7,1000,1000,1000,1000,1000,1000,1000,1000,1000,1000,1000,1000,1000,1000,1000,1000,1000,1000,1000,1000,1000,1000,1000,1000
7,5,8,1000,1000,1000,1000,1000,1000,1000,1000,1000,1000,1000,1000,1000,1000,1000,1000,1000,1000,1000,1000,1000,1000,1000,1000
8,5,9,1000,1000,1000,1000,600,1000,600,1000,1000,1000,1000,1000,1000,800,1000,1000,1000,1000,1000,1000,1000,1000,1000,1000
9,5,10,1000,1000,1000,1000,1000,1000,1000,1000,800,800,1000,1000,800,1000,1000,1000,1000,1000,1000,1000,600,500,350,350
10,5,11,350,350,350,400,320,450,450,270,240,80,300,300,600,600,480,600,480,350,280,200,270,200,480,600
11,5,12,500,320,220,250,330,600,800,1000,1000,1000,1000,1000,1000,1000,1000,1000,1000,1000,1000,1000,1000,1000,1000,1000
12,5,13,1000,1000,1000,1000,1000,1000,1000,1000,1000,1000,1000,1000,1000,1000,1000,1000,1000,1000,1000,1000,1000,1000,1000,1000
13,5,14,1000,1000,1000,1000,1000,1000,1000,1000,1000,1000,1000,1000,1000,1000,1000,1000,1000,1000,1000,1000,1000,1000,1000,1000
14,5,15,1000,1000,1000,1000,1000,1000,1000,1000,1000,1000,1000,1000,1000,1000,1000,1000,1000,1000,600,600,600,400,200,70
15,5,16,50,80,150,40,40,30,80,40,220,60,60,50,160,120,120,220,220,140,70,30,20,20,35,20
16,5,17,15,20,35,120,320,70,120,120,80,400,500,800,700,700,800,800,900,900,800,500,500,480,600,420
17,5,18,420,420,350,450,500,480,600,500,350,600,600,600,1000,1000,1000,1000,1000,1000,350,700,1000,1000,1000,1000
18,5,19,1000,1000,1000,1000,1000,1000,1000,1000,1000,1000,1000,1000,1000,1000,1000,1000,1000,1000,1000,1000,1000,1000,1000,1000
19,5,20,1000,1000,1000,1000,1000,1000,1000,1000,1000,1000,1000,1000,1000,1000,1000,1000,1000,1000,1000,1000,1000,1000,1000,1000
20,5,21,1000,1000,1000,1000,1000,1000,1000,1000,1000,1000,1000,1000,1000,1000,1000,1000,1000,1000,1000,1000,1000,1000,1000,1000
21,5,22,1000,1000,1000,1000,1000,1000,1000,1000,1000,1000,1000,1000,1000,1000,1000,1000,1000,1000,1000,1000,1000,1000,1000,1000
22,5,23,1000,1000,1000,1000,1000,1000,1000,1000,1000,1000,1000,1000,1000,1000,1000,1000,1000,1000,1000,1000,1000,1000,800,1000
23,5,24,1000,1000,1000,1000,1000,1000,1000,1000,600,1000,1000,1000,1000,1000,1000,1000,1000,1000,800,600,400,180,40,250
24,5,25,350,50,160,250,40,70,25,25,25,30,50,600,1000,1000,1000,1000,1000,1000,1000,1000,1000,800,800,1000
25,5,26,800,700,500,500,450,500,600,1000,800,800,800,800,800,1000,1000,1000,1000,1000,1000,1000,1000,1000,1000,1000
26,5,27,1000,1000,600,330,350,500,600,700,600,600,700,900,1000,1000,1000,1000,1000,1000,1000,1000,1000,1000,1000,1000
27,5,28,1000,1000,1000,1000,1000,1000,1000,1000,1000,1000,1000,1000,1000,1000,1000,1000,1000,1000,800,500,600,600,600,500
28,5,29,400,400,350,200,300,300,480,800,900,900,900,900,1000,1000,1000,1000,1000,1000,1000,800,800,600,600,500
29,5,30,600,500,600,500,600,600,600,350,280,600,700,700,800,900,900,900,600,600,600,600,600,600,600,600
30,5,31,600,600,900,600,500,200,250,350,600,250,600,1000,1000,1000,800,500,600,500,450,480,350,350,180,140
0,6,1,120,150,70,70,50,100,150,200,700,800,320,350,350,800,1000,1000,1000,1000,1000,1000,1000,1000,1000,1000
1,6,2,1000,1000,1000,1000,1000,1000,1000,1000,1000,1000,1000,1000,1000,1000,1000,1000,1000,1000,1000,1000,1000,600,600,600
2,6,3,450,450,600,600,600,600,800,1000,1000,1000,800,800,700,800,480,700,700,600,600,480,450,320,250,350
3,6,4,350,350,250,230,320,480,500,500,600,900,900,1000,1000,1000,800,800,800,1000,1000,1000,800,500,30,20
4,6,5,15,20,350,280,15,20,500,1000,1000,1000,1000,1000,350,200,600,1000,1000,1000,1000,600,250,600,600,220
5,6,6,60,40,80,600,1000,1000,600,400,800,800,800,700,800,700,800,800,800,800,800,700,600,600,450,350
6,6,7,350,400,480,300,250,250,420,600,800,1000,1000,1000,1000,1000,1000,1000,1000,1000,1000,1000,1000,1000,1000,1000
7,6,8,1000,1000,1000,1000,1000,600,800,1000,1000,1000,1000,1000,1000,1000,1000,1000,1000,1000,1000,1000,1000,1000,1000,1000
8,6,9,1000,1000,1000,1000,1000,1000,1000,1000,1000,1000,1000,1000,1000,1000,1000,1000,1000,1000,1000,1000,1000,1000,1000,1000
9,6,10,1000,1000,1000,1000,1000,1000,1000,1000,1000,1000,1000,1000,1000,1000,1000,1000,1000,1000,1000,1000,1000,1000,1000,1000
10,6,11,1000,1000,1000,1000,1000,1000,1000,1000,1000,1000,280,1000,1000,1000,1000,600,1000,1000,1000,1000,1000,1000,180,90
11,6,12,90,200,160,350,450,600,1000,1000,600,600,1000,1000,1000,1000,1000,600,1000,1000,1000,1000,1000,1000,1000,700
12,6,13,900,1000,1000,1000,1000,700,1000,700,350,1000,900,1000,600,1000,1000,1000,1000,800,1000,1000,1000,1000,600,1000
13,6,14,1000,1000,1000,1000,1000,1000,1000,1000,1000,1000,200,600,1000,1000,900,900,200,50,1000,1000,1000,70,80,80
14,6,15,350,350,80,20,800,400,200,480,600,900,1000,1000,1000,1000,1000,1000,1000,1000,1000,1000,1000,800,900,1000
15,6,16,1000,1000,1000,1000,1000,1000,1000,1000,1000,1000,1000,1000,1000,800,800,800,600,600,500,420,350,350,320,330
16,6,17,250,400,250,250,350,600,350,350,350,400,400,330,600,600,600,600,600,600,330,400,350,350,400,600
17,6,18,1000,1000,1000,280,170,600,350,350,1000,450,1000,1000,1000,1000,600,600,600,600,1000,600,600,600,600,1000
18,6,19,800,600,250,300,250,120,200,280,280,350,400,480,1000,1000,1000,1000,1000,1000,1000,1000,1000,1000,1000,1000
19,6,20,1000,1000,1000,1000,1000,1000,1000,1000,1000,1000,1000,1000,1000,1000,1000,1000,1000,1000,1000,1000,1000,1000,1000,1000
20,6,21,1000,1000,1000,1000,1000,1000,1000,1000,1000,1000,1000,1000,1000,1000,1000,1000,1000,1000,1000,1000,1000,1000,1000,1000
21,6,22,1000,1000,700,480,350,600,800,1000,1000,1000,1000,1000,1000,1000,1000,1000,1000,1000,1000,1000,800,1000,600,600
22,6,23,600,500,600,1000,1000,1000,1000,1000,1000,1000,1000,1000,1000,1000,1000,1000,1000,1000,1000,1000,1000,1000,1000,1000
23,6,24,1000,1000,1000,1000,1000,1000,1000,1000,600,450,600,600,600,600,350,600,1000,1000,1000,1000,1000,600,400,600
24,6,25,500,450,450,350,250,280,200,200,130,130,350,400,600,270,130,180,600,600,600,600,1000,1000,1000,1000
25,6,26,600,450,450,600,1000,1000,1000,1000,1000,1000,1000,1000,1000,1000,1000,1000,1000,1000,1000,1000,1000,1000,1000,1000
26,6,27,1000,700,600,600,350,350,160,420,600,600,600,600,600,600,600,600,480,350,280,400,350,350,250,120
27,6,28,600,600,600,600,600,600,1000,1000,1000,1000,1000,1000,1000,1000,1000,600,400,400,350,350,320,280,200,140
28,6,29,100,20,20,35,200,400,450,330,330,600,600,600,250,1000,1000,1000,800,350,800,600,600,600,700,700
29,6,30,700,700,700,700,700,700,700,700,400,600,900,1000,1000,1000,1000,1000,1000,1000,1000,1000,1000,1000,1000,1000
0,7,1,1000,1000,1000,1000,1000,1000,1000,1000,1000,1000,1000,1000,1000,1000,1000,1000,1000,1000,1000,1000,1000,1000,1000,1000
1,7,2,1000,1000,1000,1000,1000,1000,1000,1000,1000,1000,1000,1000,1000,1000,1000,1000,1000,1000,1000,1000,1000,1000,1000,1000
2,7,3,1000,800,600,600,450,450,450,450,450,450,400,450,500,400,600,600,600,600,600,400,500,500,450,800
3,7,4,800,800,500,450,450,600,800,800,800,1000,1000,1000,1000,1000,1000,800,1000,1000,1000,1000,1000,800,800,800
4,7,5,700,500,500,500,250,120,130,350,400,480,600,600,600,700,600,600,600,800,800,450,500,400,400,500
5,7,6,400,200,400,450,450,140,600,1000,1000,250,350,350,250,600,700,700,700,1000,1000,480,450,450,450,600
6,7,7,700,500,400,350,250,400,600,600,1000,1000,350,350,400,1000,800,900,900,1000,1000,1000,700,15,20,350
7,7,8,400,400,140,80,60,80,400,800,1000,1000,1000,1000,1000,900,900,800,800,700,800,500,400,480,350,250
8,7,9,160,80,140,200,200,200,480,140,350,450,500,480,450,450,400,120,280,250,80,350,350,600,600,400
9,7,10,350,350,600,800,800,800,1000,1000,1000,400,700,1000,600,800,1000,350,700,800,1000,450,350,160,200,250
10,7,11,280,350,350,400,400,400,400,450,600,600,600,800,800,800,600,800,800,700,700,800,700,700,700,600
11,7,12,300,450,400,500,700,400,500,600,800,800,800,800,1000,1000,1000,1000,1000,1000,1000,1000,1000,600,600,1000
12,7,13,1000,1000,1000,1000,600,600,1000,600,700,700,700,1000,1000,600,600,600,700,700,1000,1000,1000,1000,1000,1000
13,7,14,1000,1000,1000,1000,1000,1000,1000,1000,1000,1000,1000,1000,1000,1000,1000,1000,1000,1000,1000,1000,1000,1000,1000,1000
14,7,15,1000,1000,1000,1000,1000,1000,1000,1000,1000,1000,1000,1000,1000,1000,1000,1000,1000,1000,1000,1000,1000,1000,1000,1000
15,7,16,1000,1000,1000,1000,1000,1000,450,1000,1000,1000,1000,1000,1000,1000,1000,1000,1000,1000,1000,1000,1000,1000,1000,1000
16,7,17,1000,1000,1000,1000,1000,1000,1000,1000,1000,1000,1000,1000,1000,1000,1000,1000,1000,1000,1000,1000,1000,1000,1000,1000
17,7,18,1000,1000,1000,1000,1000,1000,1000,1000,1000,1000,1000,1000,1000,1000,1000,1000,1000,1000,1000,1000,1000,1000,1000,1000
18,7,19,1000,1000,1000,1000,1000,1000,1000,1000,1000,1000,1000,1000,1000,1000,1000,1000,1000,1000,1000,1000,1000,1000,1000,1000
19,7,20,1000,1000,1000,1000,1000,1000,800,600,1000,1000,1000,800,1000,1000,1000,1000,1000,1000,1000,1000,1000,450,250,250
20,7,21,400,400,400,350,600,500,1000,600,480,1000,1000,1000,1000,1000,1000,1000,1000,1000,1000,1000,1000,1000,1000,1000
21,7,22,1000,1000,1000,1000,1000,800,800,1000,1000,1000,1000,1000,600,100,350,1000,1000,1000,1000,1000,1000,1000,1000,1000
22,7,23,500,1000,280,400,400,600,600,600,700,1000,1000,1000,1000,1000,1000,1000,1000,1000,600,1000,1000,1000,1000,1000
23,7,24,1000,1000,1000,1000,1000,1000,600,1000,1000,1000,1000,1000,1000,1000,1000,1000,700,1000,1000,1000,1000,1000,1000,600
24,7,25,1000,1000,800,600,1000,1000,1000,1000,1000,1000,1000,1000,1000,1000,1000,1000,1000,1000,1000,1000,1000,1000,1000,1000
25,7,26,1000,1000,1000,1000,1000,1000,1000,1000,1000,1000,1000,1000,1000,1000,1000,1000,1000,1000,1000,1000,1000,1000,1000,1000
26,7,27,1000,800,600,1000,600,600,400,350,400,250,400,600,600,200,200,250,600,600,600,1000,1000,1000,1000,1000
27,7,28,1000,1000,1000,1000,1000,1000,1000,1000,1000,1000,1000,1000,1000,1000,1000,1000,1000,1000,1000,1000,1000,1000,1000,1000
28,7,29,1000,1000,1000,1000,1000,1000,1000,1000,1000,1000,1000,1000,1000,1000,1000,1000,1000,1000,1000,1000,1000,1000,1000,1000
29,7,30,1000,1000,1000,1000,1000,1000,1000,1000,1000,1000,1000,1000,1000,1000,1000,1000,1000,1000,1000,1000,1000,1000,1000,1000
30,7,31,1000,1000,1000,1000,1000,1000,1000,600,800,1000,1000,1000,1000,1000,1000,1000,1000,1000,1000,1000,1000,1000,1000,1000
0,8,1,1000,1000,1000,1000,1000,1000,1000,1000,1000,1000,1000,1000,1000,1000,1000,1000,1000,1000,1000,1000,1000,1000,1000,1000
1,8,2,1000,1000,1000,1000,1000,1000,1000,1000,1000,1000,1000,1000,1000,800,1000,1000,1000,1000,1000,1000,1000,1000,1000,1000
2,8,3,1000,1000,1000,1000,1000,1000,1000,1000,1000,1000,900,900,800,900,900,800,700,600,700,700,700,700,700,600
3,8,4,600,600,600,600,600,700,700,600,700,700,800,700,900,800,900,900,900,900,900,800,800,900,1000,1000
4,8,5,1000,1000,1000,1000,1000,800,1000,1000,1000,1000,800,1000,1000,1000,1000,1000,1000,1000,1000,1000,1000,1000,1000,1000
5,8,6,1000,1000,1000,1000,1000,1000,1000,1000,1000,1000,1000,1000,1000,1000,1000,1000,1000,1000,1000,1000,1000,1000,1000,1000
6,8,7,1000,900,700,600,400,500,500,500,600,600,700,700,700,700,700,1000,1000,1000,1000,1000,1000,1000,1000,1000
7,8,8,1000,1000,1000,1000,1000,1000,1000,1000,1000,1000,1000,1000,1000,1000,1000,1000,1000,1000,1000,1000,1000,1000,1000,1000
8,8,9,1000,1000,1000,1000,1000,1000,1000,1000,1000,1000,1000,1000,1000,1000,1000,1000,1000,1000,1000,1000,1000,1000,1000,1000
9,8,10,1000,1000,1000,1000,1000,1000,1000,1000,1000,1000,600,1000,1000,1000,1000,1000,1000,1000,1000,1000,1000,1000,1000,1000
10,8,11,1000,1000,1000,1000,1000,1000,1000,1000,1000,800,600,1000,1000,1000,1000,1000,1000,1000,1000,1000,1000,1000,1000,1000
11,8,12,1000,1000,1000,1000,1000,1000,1000,1000,1000,1000,1000,1000,1000,1000,1000,1000,1000,1000,1000,1000,1000,1000,1000,1000
12,8,13,1000,1000,1000,1000,1000,1000,1000,1000,1000,1000,1000,1000,1000,1000,1000,1000,1000,1000,1000,1000,1000,1000,1000,1000
13,8,14,1000,1000,1000,1000,1000,1000,1000,1000,1000,1000,1000,1000,1000,1000,1000,1000,1000,1000,1000,1000,1000,1000,1000,1000
14,8,15,1000,1000,1000,1000,1000,1000,1000,1000,1000,1000,1000,1000,1000,1000,1000,1000,1000,1000,1000,1000,1000,1000,1000,1000
15,8,16,1000,1000,1000,1000,1000,1000,1000,1000,1000,1000,1000,1000,1000,1000,1000,1000,1000,1000,1000,1000,1000,1000,1000,1000
16,8,17,1000,1000,1000,1000,1000,1000,1000,1000,1000,1000,1000,1000,1000,1000,1000,1000,1000,1000,1000,1000,1000,1000,1000,1000
17,8,18,1000,1000,1000,1000,1000,1000,1000,1000,1000,800,700,700,700,700,700,700,700,800,800,800,800,800,1000,1000
18,8,19,1000,1000,1000,1000,1000,1000,1000,1000,800,700,600,600,600,700,800,800,800,800,800,800,700,800,900,1000
19,8,20,1000,1000,1000,1000,1000,1000,1000,1000,1000,1000,1000,900,1000,1000,1000,1000,1000,1000,1000,1000,1000,1000,1000,1000
20,8,21,1000,1000,1000,1000,1000,1000,1000,1000,1000,1000,1000,1000,700,600,800,800,700,600,600,600,600,800,800,900
21,8,22,900,1000,1000,1000,1000,1000,1000,800,1000,1000,1000,1000,600,600,480,600,600,600,700,800,600,600,600,800
22,8,23,700,700,700,800,600,800,400,1000,1000,1000,700,1000,1000,1000,1000,1000,1000,1000,1000,1000,1000,1000,1000,1000
23,8,24,1000,1000,700,500,800,800,800,800,700,800,800,800,800,900,1000,1000,1000,1000,900,1000,1000,700,600,600
24,8,25,600,600,600,1000,1000,1000,1000,1000,1000,1000,1000,1000,1000,1000,1000,1000,1000,1000,1000,1000,1000,1000,1000,1000
25,8,26,1000,600,1000,1000,600,600,600,700,450,450,450,250,160,450,350,500,500,600,600,600,1000,1000,1000,1000
26,8,27,1000,1000,1000,1000,1000,1000,1000,1000,1000,1000,1000,600,600,600,800,800,800,800,800,800,800,900,1000,1000
27,8,28,900,900,900,900,900,1000,1000,1000,1000,800,600,800,800,1000,1000,1000,1000,1000,1000,1000,600,600,600,600
28,8,29,600,600,600,600,1000,1000,1000,1000,1000,1000,1000,1000,1000,1000,1000,1000,1000,1000,1000,1000,1000,1000,1000,1000
29,8,30,1000,1000,800,800,800,1000,1000,1000,1000,1000,1000,1000,1000,1000,1000,1000,1000,1000,1000,1000,1000,1000,1000,1000
30,8,31,1000,1000,1000,1000,1000,1000,1000,1000,1000,1000,1000,1000,1000,1000,1000,1000,1000,1000,1000,1000,800,700,600,600
0,9,1,1000,1000,1000,1000,800,1000,1000,1000,1000,1000,1000,1000,1000,1000,1000,1000,1000,1000,1000,1000,1000,1000,1000,1000
1,9,2,800,800,600,600,700,700,800,800,800,450,350,200,200,200,160,100,70,70,60,60,60,80,80,140
2,9,3,400,600,800,800,1000,1000,1000,800,600,700,800,1000,1000,1000,1000,1000,1000,1000,1000,1000,1000,1000,1000,1000
3,9,4,1000,1000,1000,1000,1000,1000,1000,1000,1000,1000,1000,1000,1000,1000,1000,1000,1000,1000,1000,1000,1000,1000,1000,1000
4,9,5,1000,1000,1000,1000,1000,1000,1000,1000,1000,1000,1000,1000,1000,1000,1000,1000,1000,1000,1000,1000,1000,1000,1000,1000
5,9,6,1000,1000,1000,1000,800,800,800,600,1000,1000,1000,1000,1000,1000,600,600,600,600,400,400,200,160,140,180
6,9,7,200,250,140,120,100,120,200,350,600,350,350,600,600,1000,1000,1000,1000,1000,1000,1000,1000,1000,1000,1000
7,9,8,1000,1000,1000,1000,1000,1000,1000,800,1000,1000,1000,1000,1000,700,800,800,800,800,800,800,700,700,800,800
8,9,9,1000,1000,1000,1000,1000,1000,1000,1000,1000,1000,1000,1000,1000,1000,1000,1000,1000,1000,1000,1000,1000,1000,1000,1000
9,9,10,800,1000,1000,1000,1000,1000,1000,1000,1000,1000,1000,1000,1000,1000,1000,1000,1000,1000,1000,1000,1000,1000,1000,1000
10,9,11,1000,1000,1000,1000,1000,1000,1000,1000,1000,600,600,700,700,600,600,600,600,800,1000,1000,1000,1000,1000,600
11,9,12,600,1000,1000,1000,1000,1000,1000,1000,900,1000,1000,1000,1000,1000,1000,1000,1000,1000,1000,1000,1000,1000,800,800
12,9,13,900,900,900,900,1000,1000,1000,1000,1000,1000,1000,1000,1000,1000,600,1000,1000,1000,400,600,1000,600,600,600
13,9,14,600,1000,1000,1000,1000,1000,1000,1000,1000,1000,1000,1000,1000,1000,1000,1000,1000,1000,1000,1000,1000,1000,1000,1000
14,9,15,1000,1000,1000,1000,1000,1000,1000,1000,1000,1000,1000,1000,1000,1000,1000,1000,1000,1000,1000,1000,1000,1000,1000,1000
15,9,16,1000,600,600,600,600,600,600,600,400,600,800,1000,1000,1000,1000,1000,1000,1000,1000,1000,1000,1000,1000,1000
16,9,17,1000,1000,1000,600,600,600,600,600,600,600,700,700,800,600,350,350,450,600,1000,1000,1000,1000,800,600
17,9,18,450,350,400,400,700,700,1000,1000,1000,1000,1000,1000,1000,1000,1000,1000,1000,1000,1000,1000,1000,1000,1000,1000
18,9,19,1000,1000,1000,1000,1000,1000,1000,1000,1000,1000,1000,1000,1000,1000,1000,1000,1000,1000,1000,1000,1000,1000,1000,1000
19,9,20,1000,1000,1000,1000,1000,1000,1000,1000,1000,1000,1000,1000,1000,1000,1000,1000,1000,1000,1000,1000,1000,1000,1000,1000
20,9,21,1000,1000,1000,1000,1000,1000,1000,1000,1000,1000,1000,1000,1000,1000,1000,1000,1000,1000,1000,1000,1000,1000,1000,1000
21,9,22,1000,1000,1000,1000,1000,1000,1000,1000,1000,1000,1000,1000,1000,1000,1000,1000,1000,1000,1000,1000,1000,1000,1000,1000
22,9,23,1000,1000,1000,1000,1000,1000,1000,1000,1000,1000,1000,1000,1000,1000,1000,1000,1000,800,800,800,1000,1000,1000,1000
23,9,24,1000,1000,1000,1000,1000,1000,1000,1000,1000,1000,1000,1000,1000,1000,1000,1000,1000,1000,1000,1000,1000,1000,1000,1000
24,9,25,1000,1000,1000,1000,1000,1000,1000,1000,1000,1000,1000,1000,1000,1000,1000,1000,1000,1000,1000,1000,1000,1000,1000,1000
25,9,26,1000,1000,1000,1000,1000,1000,1000,1000,1000,1000,1000,1000,1000,1000,1000,1000,1000,1000,1000,1000,1000,1000,1000,1000
26,9,27,1000,1000,1000,1000,1000,1000,1000,1000,1000,1000,1000,1000,1000,1000,1000,1000,1000,1000,1000,1000,1000,1000,1000,1000
27,9,28,1000,1000,1000,1000,1000,1000,1000,1000,1000,1000,1000,1000,1000,1000,1000,1000,1000,1000,1000,1000,1000,1000,1000,1000
28,9,29,1000,1000,1000,1000,1000,1000,1000,1000,1000,1000,1000,1000,1000,1000,1000,1000,1000,1000,1000,1000,1000,1000,1000,1000
29,9,30,1000,1000,1000,1000,1000,1000,1000,1000,1000,1000,1000,1000,1000,1000,1000,1000,1000,1000,1000,1000,1000,1000,1000,1000
0,10,1,1000,1000,1000,1000,1000,1000,1000,1000,1000,1000,1000,1000,1000,1000,1000,1000,1000,1000,1000,1000,1000,1000,1000,1000
1,10,2,1000,1000,1000,1000,1000,1000,1000,1000,1000,1000,1000,1000,1000,1000,1000,1000,1000,1000,1000,1000,1000,1000,1000,1000
2,10,3,1000,1000,1000,1000,1000,1000,1000,1000,1000,1000,1000,1000,1000,1000,1000,1000,1000,1000,1000,1000,1000,1000,1000,1000
3,10,4,1000,1000,1000,1000,1000,1000,1000,1000,1000,1000,1000,1000,1000,1000,1000,1000,1000,1000,1000,1000,1000,1000,1000,1000
4,10,5,1000,1000,1000,1000,1000,1000,1000,1000,1000,1000,1000,1000,1000,1000,1000,1000,1000,1000,1000,1000,1000,1000,1000,1000
5,10,6,1000,1000,1000,1000,1000,1000,1000,1000,1000,1000,1000,1000,1000,1000,1000,1000,1000,1000,1000,1000,1000,1000,1000,1000
6,10,7,1000,1000,1000,1000,1000,1000,1000,1000,1000,1000,1000,1000,1000,1000,1000,1000,1000,1000,1000,1000,1000,1000,1000,1000
7,10,8,1000,1000,1000,1000,1000,1000,1000,1000,1000,1000,1000,1000,1000,1000,1000,1000,1000,1000,1000,1000,1000,1000,1000,1000
8,10,9,1000,1000,1000,1000,800,800,1000,1000,1000,1000,1000,1000,1000,1000,1000,1000,1000,1000,1000,1000,1000,1000,1000,1000
9,10,10,1000,1000,1000,1000,1000,1000,1000,1000,1000,1000,1000,1000,1000,1000,1000,1000,1000,1000,1000,1000,1000,1000,1000,1000
10,10,11,1000,1000,1000,1000,1000,1000,1000,1000,1000,1000,1000,1000,1000,1000,1000,1000,1000,1000,1000,1000,1000,1000,1000,1000
11,10,12,1000,1000,1000,1000,1000,1000,1000,1000,1000,1000,1000,1000,1000,1000,1000,1000,1000,1000,1000,1000,1000,1000,1000,1000
12,10,13,1000,1000,1000,1000,1000,1000,1000,1000,1000,1000,1000,1000,1000,1000,1000,1000,1000,1000,1000,1000,1000,1000,1000,1000
13,10,14,1000,1000,1000,1000,1000,1000,1000,1000,1000,1000,1000,1000,1000,1000,1000,1000,1000,1000,1000,1000,1000,1000,1000,1000
14,10,15,1000,1000,1000,1000,1000,1000,1000,1000,1000,1000,1000,1000,1000,1000,1000,1000,1000,1000,1000,1000,1000,1000,1000,1000
15,10,16,1000,1000,1000,1000,1000,1000,1000,1000,1000,1000,1000,1000,1000,1000,1000,1000,1000,1000,1000,1000,1000,1000,1000,1000
16,10,17,1000,1000,1000,1000,1000,1000,1000,1000,1000,1000,1000,1000,1000,1000,1000,1000,1000,1000,1000,1000,1000,1000,1000,1000
17,10,18,1000,1000,1000,1000,1000,1000,1000,1000,1000,1000,1000,1000,1000,1000,1000,1000,1000,1000,1000,1000,1000,1000,1000,1000
18,10,19,1000,1000,1000,1000,1000,1000,1000,1000,1000,1000,1000,1000,1000,1000,1000,1000,1000,1000,1000,1000,1000,1000,1000,1000
19,10,20,1000,1000,1000,1000,1000,1000,1000,1000,1000,1000,1000,1000,1000,1000,1000,1000,1000,1000,1000,1000,1000,1000,1000,1000
20,10,21,1000,1000,1000,1000,1000,1000,1000,1000,1000,1000,1000,1000,1000,500,400,450,160,400,400,450,450,450,350,400
21,10,22,600,1000,1000,1000,1000,1000,1000,1000,1000,1000,1000,1000,1000,1000,900,700,700,700,1000,1000,1000,1000,1000,1000
22,10,23,1000,1000,1000,1000,1000,1000,1000,1000,1000,1000,1000,1000,1000,1000,1000,1000,1000,1000,1000,1000,1000,1000,1000,1000
23,10,24,1000,1000,1000,1000,1000,1000,1000,1000,1000,1000,1000,1000,1000,1000,1000,1000,1000,1000,1000,1000,1000,1000,1000,1000
24,10,25,1000,1000,1000,1000,1000,1000,1000,1000,1000,1000,1000,1000,1000,1000,1000,1000,1000,1000,1000,1000,1000,1000,1000,1000
25,10,26,1000,1000,1000,1000,1000,1000,1000,1000,1000,1000,1000,1000,1000,1000,1000,1000,1000,1000,1000,1000,1000,1000,1000,1000
26,10,27,1000,1000,1000,1000,1000,1000,1000,1000,1000,1000,1000,1000,1000,1000,1000,1000,1000,1000,1000,1000,1000,1000,1000,1000
27,10,28,1000,800,800,800,800,800,800,900,900,1000,1000,1000,1000,800,800,900,600,450,900,1000,1000,1000,1000,1000
28,10,29,1000,1000,1000,1000,1000,1000,1000,1000,1000,1000,1000,1000,1000,1000,1000,1000,1000,1000,1000,1000,1000,1000,1000,1000
29,10,30,1000,1000,1000,1000,1000,1000,1000,1000,1000,1000,1000,1000,1000,1000,1000,1000,1000,1000,1000,1000,1000,1000,1000,1000
30,10,31,1000,1000,1000,1000,1000,1000,1000,1000,1000,1000,1000,1000,1000,1000,1000,1000,1000,1000,1000,1000,1000,1000,1000,1000
0,11,1,1000,1000,1000,1000,1000,1000,1000,1000,1000,1000,1000,1000,1000,1000,1000,1000,1000,1000,1000,1000,1000,1000,600,600
1,11,2,600,600,600,450,500,600,600,600,600,600,800,800,1000,1000,1000,1000,1000,1000,1000,1000,1000,1000,1000,1000
2,11,3,1000,1000,1000,1000,1000,1000,1000,1000,1000,1000,1000,1000,1000,1000,1000,1000,1000,1000,1000,1000,1000,1000,1000,1000
3,11,4,1000,1000,1000,1000,1000,1000,1000,1000,1000,1000,1000,1000,1000,1000,1000,1000,1000,1000,1000,1000,1000,1000,1000,1000
4,11,5,1000,1000,1000,1000,1000,1000,1000,1000,1000,1000,1000,1000,1000,1000,1000,1000,1000,1000,1000,1000,1000,1000,1000,1000
5,11,6,1000,1000,1000,1000,1000,1000,1000,1000,1000,1000,1000,1000,1000,1000,1000,1000,1000,1000,1000,1000,800,600,400,400
6,11,7,600,600,500,500,500,800,1000,1000,1000,1000,1000,1000,1000,1000,1000,1000,1000,1000,1000,700,800,800,800,1000
7,11,8,1000,1000,1000,1000,1000,1000,1000,1000,1000,1000,1000,1000,1000,1000,1000,1000,1000,1000,1000,1000,1000,1000,1000,1000
8,11,9,1000,1000,1000,1000,1000,1000,1000,1000,1000,1000,1000,1000,1000,1000,1000,1000,1000,1000,1000,1000,1000,1000,1000,1000
9,11,10,1000,1000,1000,1000,1000,1000,1000,1000,1000,1000,1000,1000,1000,1000,1000,1000,1000,1000,1000,1000,1000,1000,1000,1000
10,11,11,1000,1000,1000,1000,1000,1000,1000,1000,1000,1000,1000,1000,1000,1000,1000,1000,1000,1000,1000,1000,1000,1000,1000,1000
11,11,12,1000,1000,1000,1000,1000,1000,1000,1000,1000,1000,1000,1000,1000,1000,1000,1000,1000,1000,1000,1000,1000,1000,1000,1000
12,11,13,1000,1000,1000,1000,1000,1000,1000,1000,1000,1000,1000,1000,1000,1000,1000,1000,1000,1000,1000,1000,1000,1000,1000,1000
13,11,14,1000,1000,1000,1000,1000,1000,1000,700,600,800,1000,1000,1000,1000,1000,1000,1000,1000,1000,1000,1000,1000,1000,1000
14,11,15,1000,1000,1000,1000,1000,1000,1000,1000,1000,1000,1000,1000,1000,1000,1000,1000,1000,1000,1000,1000,1000,1000,1000,1000
15,11,16,1000,1000,1000,1000,1000,500,600,1000,1000,1000,1000,1000,1000,1000,1000,1000,1000,1000,600,400,450,400,600,600
16,11,17,600,600,1000,1000,1000,1000,1000,1000,1000,1000,1000,1000,1000,1000,1000,1000,1000,1000,1000,1000,1000,1000,1000,1000
17,11,18,1000,1000,1000,1000,1000,1000,1000,1000,1000,1000,1000,1000,1000,1000,1000,1000,1000,1000,1000,1000,1000,1000,1000,1000
18,11,19,1000,1000,1000,1000,1000,1000,1000,1000,1000,1000,1000,350,700,350,350,600,800,1000,1000,1000,1000,1000,1000,1000
19,11,20,1000,1000,1000,1000,1000,1000,1000,1000,1000,1000,1000,1000,1000,1000,1000,1000,1000,1000,1000,1000,1000,1000,1000,1000
20,11,21,1000,1000,1000,1000,1000,1000,1000,1000,1000,1000,1000,1000,1000,1000,1000,1000,1000,1000,1000,1000,1000,1000,1000,1000
21,11,22,1000,1000,1000,1000,1000,1000,1000,700,700,1000,1000,600,1000,400,1000,600,1000,1000,1000,1000,1000,1000,1000,1000
22,11,23,1000,1000,1000,1000,1000,1000,1000,1000,1000,1000,1000,1000,1000,1000,1000,1000,1000,1000,1000,1000,1000,1000,1000,1000
23,11,24,1000,1000,1000,1000,1000,1000,1000,1000,1000,1000,1000,1000,1000,1000,1000,1000,1000,1000,1000,1000,1000,1000,1000,1000
24,11,25,1000,1000,1000,1000,1000,1000,1000,1000,1000,1000,1000,1000,1000,1000,1000,1000,1000,1000,1000,1000,1000,1000,1000,1000
25,11,26,1000,1000,1000,1000,1000,800,800,900,1000,1000,1000,1000,1000,1000,1000,1000,1000,1000,1000,1000,800,700,700,700
26,11,27,1000,1000,1000,1000,1000,1000,1000,1000,1000,1000,1000,1000,1000,1000,1000,1000,1000,1000,1000,1000,1000,1000,1000,1000
27,11,28,1000,1000,1000,1000,1000,1000,1000,1000,1000,1000,1000,1000,1000,1000,1000,1000,1000,1000,1000,1000,1000,1000,1000,1000
28,11,29,1000,1000,1000,1000,1000,1000,1000,1000,1000,1000,1000,1000,1000,1000,1000,1000,1000,1000,1000,1000,1000,1000,1000,1000
29,11,30,1000,1000,1000,1000,1000,1000,1000,1000,1000,1000,1000,1000,1000,1000,1000,1000,1000,1000,1000,1000,1000,1000,1000,1000
0,12,1,1000,1000,1000,1000,1000,1000,1000,1000,1000,1000,1000,1000,1000,1000,1000,1000,1000,1000,1000,1000,1000,1000,1000,1000
1,12,2,1000,1000,1000,1000,1000,1000,1000,1000,1000,1000,1000,1000,1000,1000,1000,1000,1000,1000,1000,1000,1000,1000,1000,1000
2,12,3,1000,1000,1000,1000,1000,1000,1000,1000,1000,1000,1000,1000,1000,1000,1000,1000,1000,1000,1000,1000,1000,1000,1000,1000
3,12,4,1000,1000,1000,1000,1000,1000,1000,1000,1000,1000,1000,1000,1000,1000,1000,1000,1000,1000,1000,1000,1000,1000,1000,1000
4,12,5,1000,1000,1000,1000,1000,1000,1000,1000,1000,1000,1000,1000,1000,1000,1000,1000,1000,1000,1000,1000,1000,1000,1000,1000
5,12,6,1000,1000,1000,1000,1000,1000,1000,1000,1000,1000,1000,1000,1000,1000,1000,1000,1000,1000,1000,1000,1000,1000,1000,1000
6,12,7,1000,1000,1000,1000,1000,1000,1000,1000,1000,1000,1000,1000,1000,1000,1000,1000,1000,1000,1000,1000,1000,1000,1000,1000
7,12,8,1000,1000,1000,1000,1000,1000,1000,1000,1000,1000,1000,1000,1000,1000,1000,1000,1000,1000,1000,1000,1000,1000,1000,1000
8,12,9,1000,1000,1000,1000,1000,1000,1000,1000,1000,1000,1000,1000,1000,1000,1000,1000,1000,1000,1000,1000,1000,1000,1000,1000
9,12,10,1000,1000,1000,1000,1000,1000,1000,1000,1000,1000,1000,1000,1000,1000,1000,1000,1000,1000,1000,1000,1000,1000,1000,1000
10,12,11,1000,1000,1000,1000,1000,1000,1000,1000,1000,1000,1000,1000,1000,1000,1000,1000,1000,1000,1000,1000,1000,1000,1000,1000
11,12,12,1000,1000,1000,900,800,800,600,600,800,800,1000,1000,1000,1000,1000,1000,1000,1000,1000,1000,1000,1000,1000,1000
12,12,13,1000,1000,1000,1000,1000,1000,1000,1000,1000,1000,1000,1000,1000,1000,1000,700,250,450,1000,1000,1000,1000,1000,1000
13,12,14,1000,1000,1000,1000,1000,1000,1000,1000,1000,1000,800,1000,1000,1000,1000,1000,1000,1000,1000,1000,1000,1000,1000,1000
14,12,15,1000,1000,1000,1000,1000,1000,1000,1000,1000,1000,1000,1000,1000,1000,1000,1000,1000,1000,1000,1000,1000,1000,1000,1000
15,12,16,1000,1000,1000,1000,1000,1000,1000,1000,1000,900,1000,1000,1000,1000,1000,1000,1000,1000,1000,1000,1000,1000,1000,1000
16,12,17,1000,1000,1000,1000,1000,1000,1000,1000,1000,1000,1000,1000,1000,1000,1000,1000,1000,1000,1000,1000,1000,1000,1000,1000
17,12,18,1000,1000,1000,1000,1000,1000,1000,1000,1000,1000,1000,1000,1000,1000,1000,1000,1000,1000,1000,1000,1000,1000,1000,1000
18,12,19,1000,1000,1000,1000,1000,1000,1000,1000,1000,1000,1000,1000,1000,1000,1000,1000,1000,1000,1000,1000,1000,1000,1000,1000
19,12,20,1000,1000,1000,1000,1000,1000,1000,1000,1000,1000,1000,1000,1000,1000,1000,1000,1000,1000,1000,1000,1000,1000,1000,1000
20,12,21,1000,1000,1000,1000,1000,1000,1000,1000,1000,1000,1000,1000,1000,1000,1000,1000,1000,1000,1000,1000,1000,1000,1000,1000
21,12,22,1000,1000,1000,1000,1000,1000,1000,1000,1000,1000,1000,1000,1000,1000,1000,1000,1000,1000,1000,1000,1000,1000,1000,1000
22,12,23,1000,1000,1000,1000,1000,1000,1000,1000,1000,1000,1000,1000,1000,1000,1000,1000,1000,1000,1000,1000,1000,1000,1000,1000
23,12,24,1000,1000,1000,1000,1000,1000,1000,1000,1000,1000,1000,600,600,600,1000,1000,1000,1000,1000,1000,1000,1000,1000,1000
24,12,25,1000,1000,1000,1000,1000,1000,1000,1000,1000,1000,1000,1000,1000,1000,1000,1000,1000,1000,1000,1000,1000,1000,1000,1000
25,12,26,1000,1000,1000,1000,1000,1000,1000,1000,1000,1000,1000,1000,1000,1000,1000,1000,1000,1000,1000,1000,1000,1000,1000,1000
26,12,27,1000,1000,1000,1000,1000,1000,1000,1000,1000,1000,1000,800,600,400,1000,1000,1000,1000,400,400,450,500,1000,1000
27,12,28,1000,1000,1000,1000,1000,1000,1000,1000,1000,1000,1000,1000,1000,1000,1000,1000,1000,1000,1000,1000,1000,1000,1000,1000
28,12,29,1000,1000,1000,1000,1000,1000,1000,1000,1000,1000,1000,1000,1000,1000,1000,480,400,350,350,600,400,400,400,400
29,12,30,600,600,600,600,600,600,400,400,400,70,1000,1000,600,1000,1000,800,1000,600,400,800,480,600,600,600
30,12,31,400,200,600,1000,1000,600,600,250,250,250,120,1000,1000,1000,1000,1000,1000,1000,1000,1000,1000,1000,1000,1000
